{
  "experiment": "exp1_state_update_correctness",
  "parameters": {
    "update_interval": 0.1,
    "total_duration": 5.0,
    "event_time": 2.0
  },
  "timestamps": [
    0.0,
    0.1,
    0.2,
    0.30000000000000004,
    0.4,
    0.5,
    0.6,
    0.7,
    0.7999999999999999,
    0.8999999999999999,
    0.9999999999999999,
    1.0999999999999999,
    1.2,
    1.3,
    1.4000000000000001,
    1.5000000000000002,
    1.6000000000000003,
    1.7000000000000004,
    1.8000000000000005,
    1.9000000000000006,
    2.0000000000000004,
    2.1000000000000005,
    2.2000000000000006,
    2.3000000000000007,
    2.400000000000001,
    2.500000000000001,
    2.600000000000001,
    2.700000000000001,
    2.800000000000001,
    2.9000000000000012,
    3.0000000000000013,
    3.1000000000000014,
    3.2000000000000015,
    3.3000000000000016,
    3.4000000000000017,
    3.5000000000000018,
    3.600000000000002,
    3.700000000000002,
    3.800000000000002,
    3.900000000000002,
    4.000000000000002,
    4.100000000000001,
    4.200000000000001,
    4.300000000000001,
    4.4,
    4.5,
    4.6,
    4.699999999999999,
    4.799999999999999,
    4.899999999999999,
    4.999999999999998
  ],
  "utilization_before_update": [
    0.1,
    0.1,
    0.1,
    0.1,
    0.1,
    0.1,
    0.1,
    0.1,
    0.1,
    0.1,
    0.1,
    0.1,
    0.1,
    0.1,
    0.1,
    0.1,
    0.1,
    0.1,
    0.1,
    0.1,
    0.1,
    0.1,
    0.7,
    0.7,
    0.7,
    0.7,
    0.7,
    0.7,
    0.7,
    0.7,
    0.7,
    0.7,
    0.7,
    0.7,
    0.7,
    0.7,
    0.7,
    0.7,
    0.7,
    0.7,
    0.7,
    0.7,
    0.7,
    0.7,
    0.7,
    0.7,
    0.7,
    0.7,
    0.7,
    0.7,
    0.7
  ],
  "utilization_after_update": [
    0.1,
    0.1,
    0.1,
    0.1,
    0.1,
    0.1,
    0.1,
    0.1,
    0.1,
    0.1,
    0.1,
    0.1,
    0.1,
    0.1,
    0.1,
    0.1,
    0.1,
    0.1,
    0.1,
    0.1,
    0.1,
    0.7,
    0.7,
    0.7,
    0.7,
    0.7,
    0.7,
    0.7,
    0.7,
    0.7,
    0.7,
    0.7,
    0.7,
    0.7,
    0.7,
    0.7,
    0.7,
    0.7,
    0.7,
    0.7,
    0.7,
    0.7,
    0.7,
    0.7,
    0.7,
    0.7,
    0.7,
    0.7,
    0.7,
    0.7,
    0.7
  ],
  "events": [
    {
      "time": 2.0000000000000004,
      "type": "link_utilization_spike",
      "link": "R12->R22",
      "old_value": 0.1,
      "new_value": 0.7
    }
  ],
  "verification": {
    "link_update_correct": true,
    "link_value_correct": true,
    "compute_update_correct": true,
    "detection_delay_s": 0.10000000000000053,
    "final_link_util": 0.7,
    "final_e5_gpu": 0.8084760946292854
  }
}